{
  "aggregate_metrics": {
    "pairwise_RRA@15": 0.8944038668098819,
    "pairwise_RTA@15": 0.5206035322536396,
    "pairwise_pose_auc@10": 0.2082290416264759,
    "pairwise_pose_auc@30": 0.4443210527482062,
    "pairwise_pose_auc@5": 0.06184668190133181,
    "pairwise_rot_err_deg_mean": 7.236466873920959,
    "pairwise_trans_cos_err_deg_mean": 36.72892998493571,
    "pose_auc@10": 0.23276254993508266,
    "pose_auc@30": 0.5012427016735228,
    "pose_auc@5": 0.07408298236301432,
    "rotation_error_deg_mean": 8.524860639657293,
    "trajectory_ate_rmse": 0.11340280581129829,
    "trajectory_rpe_rot_deg_rmse": 0.7921263815404299,
    "trajectory_rpe_trans_rmse": 0.04463111656397588,
    "translation_cos_err_deg_mean": 33.30763128825596
  },
  "config_hash": "a3c980eb7e80e33f",
  "dataset": "sintel",
  "environment": {
    "cuda_version": "12.4",
    "gpu_name": "NVIDIA GeForce RTX 3090",
    "platform": "Linux-5.4.0-187-generic-x86_64-with-glibc2.35",
    "plumbline_version": "0.1.0.dev0",
    "python": "3.12.13",
    "timestamp_utc": "2026-05-27T05:33:56.056957+00:00",
    "torch_version": "2.6.0+cu124"
  },
  "model": "monst3r",
  "model_version": "1.2",
  "n_evaluated": 14,
  "n_skipped": 0,
  "n_total": 14,
  "notes": "",
  "per_sample": [
    {
      "metrics": {
        "pairwise_RRA@15": 1.0,
        "pairwise_RTA@15": 0.9942857142857143,
        "pairwise_pose_auc@10": 0.6177247859775961,
        "pairwise_pose_auc@30": 0.8693623106678473,
        "pairwise_pose_auc@5": 0.25539338512694487,
        "pairwise_rot_err_deg_mean": 0.3233712671099634,
        "pairwise_trans_cos_err_deg_mean": 3.9550187884927763,
        "pose_auc@10": 0.6592076387332411,
        "pose_auc@30": 0.8685826635076886,
        "pose_auc@5": 0.39109344251301825,
        "rotation_error_deg_mean": 0.293621301651001,
        "trajectory_ate_rmse": 0.009400871424520634,
        "trajectory_rpe_rot_deg_rmse": 0.04355346207899801,
        "trajectory_rpe_trans_rmse": 0.0034318191542602743,
        "translation_cos_err_deg_mean": 3.9425201416015625
      },
      "runtime_ms": 208629.34346403927,
      "sample_id": "alley_2/full",
      "skip_reason": null,
      "skipped": false
    },
    {
      "metrics": {
        "pairwise_RRA@15": 1.0,
        "pairwise_RTA@15": 0.08901515151515152,
        "pairwise_pose_auc@10": 0.014274027512827688,
        "pairwise_pose_auc@30": 0.13797615977140615,
        "pairwise_pose_auc@5": 0.002435630723699723,
        "pairwise_rot_err_deg_mean": 2.940192513891287,
        "pairwise_trans_cos_err_deg_mean": 58.35872386758795,
        "pose_auc@10": 0.03055313527584076,
        "pose_auc@30": 0.44627475341161094,
        "pose_auc@5": 0.0,
        "rotation_error_deg_mean": 4.201594352722168,
        "trajectory_ate_rmse": 0.05028773246876094,
        "trajectory_rpe_rot_deg_rmse": 0.4415488646409281,
        "trajectory_rpe_trans_rmse": 0.02441079745810579,
        "translation_cos_err_deg_mean": 16.873226165771484
      },
      "runtime_ms": 123242.40430351347,
      "sample_id": "ambush_4/full",
      "skip_reason": null,
      "skipped": false
    },
    {
      "metrics": {
        "pairwise_RRA@15": 1.0,
        "pairwise_RTA@15": 0.6106122448979592,
        "pairwise_pose_auc@10": 0.12837338595028472,
        "pairwise_pose_auc@30": 0.5134381193243056,
        "pairwise_pose_auc@5": 0.01175866320570145,
        "pairwise_rot_err_deg_mean": 3.17559915979177,
        "pairwise_trans_cos_err_deg_mean": 17.157754742165288,
        "pose_auc@10": 0.10065604423990054,
        "pose_auc@30": 0.5882644069438078,
        "pose_auc@5": 0.0,
        "rotation_error_deg_mean": 4.978562831878662,
        "trajectory_ate_rmse": 0.04170961318393872,
        "trajectory_rpe_rot_deg_rmse": 0.4680426989595095,
        "trajectory_rpe_trans_rmse": 0.0253643441354392,
        "translation_cos_err_deg_mean": 11.635346412658691
      },
      "runtime_ms": 222295.04028335214,
      "sample_id": "ambush_5/full",
      "skip_reason": null,
      "skipped": false
    },
    {
      "metrics": {
        "pairwise_RRA@15": 0.6473684210526316,
        "pairwise_RTA@15": 0.05263157894736842,
        "pairwise_pose_auc@10": 0.008129282734016887,
        "pairwise_pose_auc@30": 0.05419956311230418,
        "pairwise_pose_auc@5": 0.0005001969608535801,
        "pairwise_rot_err_deg_mean": 12.58056585839913,
        "pairwise_trans_cos_err_deg_mean": 60.4935025748778,
        "pose_auc@10": 0.0,
        "pose_auc@30": 0.002786144457365337,
        "pose_auc@5": 0.0,
        "rotation_error_deg_mean": 16.885099411010742,
        "trajectory_ate_rmse": 0.21105694033027764,
        "trajectory_rpe_rot_deg_rmse": 3.2747729878588716,
        "trajectory_rpe_trans_rmse": 0.08321009125191273,
        "translation_cos_err_deg_mean": 66.27193450927734
      },
      "runtime_ms": 66941.46784581244,
      "sample_id": "ambush_6/full",
      "skip_reason": null,
      "skipped": false
    },
    {
      "metrics": {
        "pairwise_RRA@15": 0.24897959183673468,
        "pairwise_RTA@15": 0.0,
        "pairwise_pose_auc@10": 0.0,
        "pairwise_pose_auc@30": 0.0003111075962310724,
        "pairwise_pose_auc@5": 0.0,
        "pairwise_rot_err_deg_mean": 46.02155238305425,
        "pairwise_trans_cos_err_deg_mean": 151.94865429481592,
        "pose_auc@10": 0.0,
        "pose_auc@30": 0.0,
        "pose_auc@5": 0.0,
        "rotation_error_deg_mean": 47.790218353271484,
        "trajectory_ate_rmse": 0.25979360176617605,
        "trajectory_rpe_rot_deg_rmse": 2.7973702218918066,
        "trajectory_rpe_trans_rmse": 0.18526665427741848,
        "translation_cos_err_deg_mean": 148.01287841796875
      },
      "runtime_ms": 179213.5638864711,
      "sample_id": "cave_2/full",
      "skip_reason": null,
      "skipped": false
    },
    {
      "metrics": {
        "pairwise_RRA@15": 0.7338775510204082,
        "pairwise_RTA@15": 0.0,
        "pairwise_pose_auc@10": 0.0,
        "pairwise_pose_auc@30": 0.007466875198918944,
        "pairwise_pose_auc@5": 0.0,
        "pairwise_rot_err_deg_mean": 10.289239457015308,
        "pairwise_trans_cos_err_deg_mean": 84.92433721332095,
        "pose_auc@10": 0.0,
        "pose_auc@30": 0.0,
        "pose_auc@5": 0.0,
        "rotation_error_deg_mean": 16.669710159301758,
        "trajectory_ate_rmse": 0.10893501856328135,
        "trajectory_rpe_rot_deg_rmse": 0.9124206651222853,
        "trajectory_rpe_trans_rmse": 0.040425729707165424,
        "translation_cos_err_deg_mean": 101.62885284423828
      },
      "runtime_ms": 173860.41992437094,
      "sample_id": "cave_4/full",
      "skip_reason": null,
      "skipped": false
    },
    {
      "metrics": {
        "pairwise_RRA@15": 1.0,
        "pairwise_RTA@15": 0.12326530612244897,
        "pairwise_pose_auc@10": 0.023776160003336783,
        "pairwise_pose_auc@30": 0.12874976050204606,
        "pairwise_pose_auc@5": 0.006693412358968109,
        "pairwise_rot_err_deg_mean": 0.19946358738875278,
        "pairwise_trans_cos_err_deg_mean": 51.100127430361425,
        "pose_auc@10": 0.057332114297516494,
        "pose_auc@30": 0.24177924937942402,
        "pose_auc@5": 0.009422250669829699,
        "rotation_error_deg_mean": 0.2473398745059967,
        "trajectory_ate_rmse": 0.044833645637874,
        "trajectory_rpe_rot_deg_rmse": 0.027078400219945963,
        "trajectory_rpe_trans_rmse": 0.017969306290388412,
        "translation_cos_err_deg_mean": 43.7592658996582
      },
      "runtime_ms": 210083.96406657994,
      "sample_id": "market_2/full",
      "skip_reason": null,
      "skipped": false
    },
    {
      "metrics": {
        "pairwise_RRA@15": 1.0,
        "pairwise_RTA@15": 0.9681632653061224,
        "pairwise_pose_auc@10": 0.30793623650832735,
        "pairwise_pose_auc@30": 0.7491374485189976,
        "pairwise_pose_auc@5": 0.07343021980801606,
        "pairwise_rot_err_deg_mean": 2.6525428474152313,
        "pairwise_trans_cos_err_deg_mean": 7.6956463541077165,